,City,Cloudiness,Country,Date,Humidity,Lat,Lng,Max Temp,Wind Speed
1,port elizabeth,1.0,US,1553400226.0,26.0,39.31,-74.98,7.22,4.1
2,praya,40.0,ID,1553398200.0,70.0,-8.71,116.27,30.0,6.7
4,chuy,0.0,UY,1553400239.0,92.0,-33.69,-53.46,17.89,5.81
5,punta arenas,90.0,CL,1553400000.0,76.0,-53.16,-70.91,12.0,6.2
6,soyo,64.0,AO,1553400239.0,97.0,-6.13,12.37,23.84,1.16
8,hauterive,0.0,FR,1553400057.0,81.0,46.09,3.45,3.0,1.5
9,nioki,92.0,CD,1553400241.0,100.0,-2.72,17.69,21.74,1.26
10,thompson,5.0,CA,1553396400.0,54.0,55.74,-97.86,-15.0,2.6
11,rikitea,80.0,PF,1553400241.0,99.0,-23.12,-134.97,26.19,8.16
12,truro,92.0,GB,1553400202.0,93.0,50.26,-5.05,9.0,4.6
13,bluff,0.0,AU,1553400242.0,48.0,-23.58,149.07,32.59,3.71
15,saldanha,0.0,PT,1553400242.0,90.0,41.42,-6.55,2.34,1.36
16,norman wells,40.0,CA,1553396400.0,83.0,65.28,-126.83,0.0,6.7
17,aleksandrovsk-sakhalinskiy,0.0,RU,1553400243.0,77.0,50.9,142.16,-6.67,4.76
18,whitianga,20.0,NZ,1553400011.0,70.0,-36.83,175.7,23.33,1.34
19,srandakan,64.0,ID,1553400243.0,98.0,-7.94,110.25,27.64,1.96
20,kapaa,90.0,US,1553400201.0,88.0,22.08,-159.32,24.0,9.3
21,kavieng,80.0,PG,1553400244.0,100.0,-2.57,150.8,27.09,2.96
22,nikolskoye,20.0,RU,1553400035.0,93.0,59.7,30.79,2.78,2.0
23,tsevie,20.0,TG,1553396400.0,83.0,6.43,1.21,28.0,5.1
24,pasni,68.0,PK,1553400245.0,80.0,25.26,63.48,24.39,1.86
25,hofn,0.0,IS,1553400245.0,100.0,64.25,-15.21,3.59,9.16
27,butaritari,88.0,KI,1553400245.0,100.0,3.07,172.79,27.14,4.31
28,bredasdorp,92.0,ZA,1553400025.0,83.0,-34.53,20.04,21.0,0.5
29,french harbor,20.0,HN,1553400000.0,77.0,16.35,-86.43,20.0,2.1
30,barrow,0.0,AR,1553400246.0,93.0,-38.31,-60.23,11.34,2.31
31,porto nacional,75.0,BR,1553396400.0,100.0,-10.7,-48.41,24.0,1.5
32,ushuaia,75.0,AR,1553400000.0,71.0,-54.81,-68.31,11.0,8.2
33,salalah,75.0,OM,1553395800.0,78.0,17.01,54.1,26.0,3.1
34,haines junction,56.0,CA,1553400247.0,54.0,60.75,-137.51,1.69,2.26
36,east london,0.0,ZA,1553396400.0,83.0,-33.02,27.91,22.0,3.1
37,lebu,20.0,ET,1553396400.0,58.0,8.96,38.73,14.0,2.1
38,vostok,0.0,RU,1553400248.0,41.0,46.45,135.83,-4.42,1.76
39,saskylakh,0.0,RU,1553400248.0,43.0,71.97,114.09,-25.72,1.46
40,yellowknife,75.0,CA,1553399877.0,55.0,62.45,-114.38,-12.0,4.6
41,puerto ayora,24.0,EC,1553400095.0,96.0,-0.74,-90.35,25.56,4.86
42,victoria,75.0,BN,1553398200.0,66.0,5.28,115.24,32.0,1.5
43,new norfolk,75.0,AU,1553400196.0,60.0,-42.78,147.06,22.22,5.7
44,tshela,80.0,CD,1553400250.0,96.0,-4.99,12.94,21.14,0.71
45,codrington,0.0,AU,1553400198.0,44.0,-28.95,153.24,35.56,1.5
46,albany,1.0,US,1553400001.0,49.0,42.65,-73.75,1.0,3.91
47,cape town,40.0,ZA,1553400190.0,93.0,-33.93,18.42,21.67,5.7
48,pevek,0.0,RU,1553400251.0,76.0,69.7,170.27,-19.77,1.61
49,naifaru,0.0,MV,1553399963.0,95.0,5.44,73.37,29.79,4.36
50,kuytun,56.0,RU,1553400252.0,77.0,54.34,101.51,-1.32,1.56
51,padang,75.0,ID,1553396400.0,88.0,-0.92,100.36,25.0,5.1
52,mataura,76.0,NZ,1553400010.0,82.0,-46.19,168.86,20.56,0.89
53,hobart,75.0,AU,1553400135.0,60.0,-42.88,147.33,22.22,5.7
54,cabo san lucas,5.0,MX,1553399709.0,77.0,22.89,-109.91,20.56,3.41
55,kintampo,92.0,GH,1553400253.0,76.0,8.05,-1.73,24.89,3.61
56,kortkeros,0.0,RU,1553400156.0,89.0,61.81,51.56,0.56,3.0
57,tessalit,64.0,ML,1553400254.0,18.0,20.2,1.01,16.79,3.71
58,surt,92.0,LY,1553400017.0,100.0,31.21,16.59,14.04,3.86
59,katsuura,40.0,JP,1553399318.0,43.0,33.93,134.5,11.0,3.1
60,ziro,75.0,IN,1553396400.0,83.0,27.54,93.82,21.0,1.5
61,hambantota,20.0,LK,1553397000.0,94.0,6.12,81.12,28.0,2.6
62,lata,0.0,IN,1553400255.0,57.0,30.78,78.62,9.74,0.91
63,ust-nera,0.0,RU,1553400054.0,71.0,64.57,143.24,-11.37,1.21
64,alakurtti,88.0,RU,1553400000.0,83.0,66.96,30.34,-1.11,2.68
66,severo-kurilsk,80.0,RU,1553400256.0,98.0,50.68,156.12,-1.72,9.86
67,sola,0.0,FI,1553400127.0,82.0,62.78,29.36,0.56,3.6
68,petropavlovsk-kamchatskiy,75.0,RU,1553396400.0,86.0,53.05,158.65,-1.0,3.0
69,mahebourg,75.0,MU,1553400240.0,83.0,-20.41,57.7,28.0,5.1
70,sao filipe,68.0,CV,1553400257.0,100.0,14.9,-24.5,20.64,5.21
71,nizhnyaya tura,0.0,RU,1553400257.0,64.0,58.62,59.87,-9.42,1.16
72,busselton,12.0,AU,1553400066.0,28.0,-33.64,115.35,22.78,7.06
73,lewisville,75.0,US,1553400256.0,72.0,33.05,-96.99,20.0,6.7
74,mehamn,32.0,NO,1553400258.0,76.0,71.03,27.85,-4.97,3.16
75,portland,75.0,US,1553400252.0,66.0,45.52,-122.67,11.11,2.1
76,samarai,92.0,PG,1553400259.0,100.0,-10.62,150.67,26.44,4.01
77,avera,1.0,US,1553400233.0,36.0,33.19,-82.53,14.0,2.86
78,andreapol,92.0,RU,1553400259.0,93.0,56.65,32.27,1.09,6.76
79,champerico,5.0,MX,1553395980.0,69.0,16.38,-93.6,25.0,3.6
80,kodiak,90.0,US,1553400222.0,57.0,39.95,-94.76,11.0,5.7
81,hithadhoo,76.0,MV,1553400260.0,98.0,-0.6,73.08,30.14,3.81
82,chara,20.0,GR,1553400195.0,86.0,39.42,22.43,11.11,2.6
83,akdepe,90.0,TM,1553396400.0,87.0,42.05,59.39,8.0,2.1
84,taltal,0.0,CL,1553400261.0,95.0,-25.41,-70.49,13.69,0.91
85,vaini,0.0,IN,1553396400.0,23.0,15.34,74.49,29.0,2.6
86,kutum,0.0,SD,1553400262.0,48.0,14.2,24.66,15.84,1.31
87,thinadhoo,68.0,MV,1553400262.0,100.0,0.53,72.93,29.34,4.01
88,souillac,0.0,FR,1553400188.0,75.0,45.6,-0.6,8.0,1.0
89,fairbanks,75.0,US,1553400099.0,55.0,64.84,-147.72,7.0,2.6
92,jamestown,92.0,AU,1553399997.0,92.0,-33.21,138.6,19.39,9.06
93,chapais,90.0,CA,1553396400.0,41.0,49.78,-74.86,-5.0,3.6
94,pangnirtung,68.0,CA,1553400264.0,73.0,66.15,-65.72,-14.92,11.66
95,kudahuvadhoo,88.0,MV,1553400264.0,100.0,2.67,72.89,29.29,5.21
96,qaanaaq,12.0,GL,1553400264.0,81.0,77.48,-69.36,-32.72,4.81
98,kaitangata,100.0,NZ,1553400265.0,67.0,-46.28,169.85,20.79,1.66
99,minuri,64.0,PH,1553400265.0,58.0,16.54,121.86,28.24,1.76
100,atuona,92.0,PF,1553400265.0,99.0,-9.8,-139.03,28.14,7.36
101,port alfred,68.0,ZA,1553399967.0,97.0,-33.59,26.89,23.33,0.45
102,kiama,40.0,AU,1553400138.0,54.0,-34.67,150.86,28.0,2.6
103,arawa,76.0,NG,1553400266.0,83.0,7.05,3.9,25.54,1.61
104,nguruka,76.0,TZ,1553400267.0,100.0,-5.11,31.04,17.74,1.11
105,benguela,92.0,AO,1553400267.0,100.0,-12.58,13.4,26.14,0.76
107,airai,32.0,TL,1553400267.0,65.0,-8.93,125.41,28.69,0.81
108,ampanihy,0.0,MG,1553400268.0,87.0,-24.69,44.75,21.29,4.66
109,khatanga,0.0,RU,1553400268.0,34.0,71.98,102.47,-23.27,2.71
110,tiksi,48.0,RU,1553400268.0,78.0,71.64,128.87,-14.12,3.21
111,cidreira,0.0,BR,1553400268.0,93.0,-30.17,-50.22,16.74,2.76
112,hay river,40.0,CA,1553396400.0,57.0,60.82,-115.79,-5.0,5.1
113,saint-philippe,1.0,CA,1553400249.0,46.0,45.36,-73.48,-0.57,6.2
114,upernavik,32.0,GL,1553400269.0,100.0,72.79,-56.15,-23.47,4.96
115,tuatapere,44.0,NZ,1553400010.0,82.0,-46.13,167.69,20.56,0.89
116,taloda,0.0,IN,1553400270.0,28.0,21.56,74.21,25.04,2.76
117,avarua,92.0,CK,1553398200.0,94.0,-21.21,-159.78,25.0,1.0
118,khoy,92.0,IR,1553400270.0,86.0,38.55,44.95,-0.72,1.96
120,pitelino,48.0,RU,1553400271.0,72.0,54.58,41.81,-7.27,1.31
121,castro,75.0,CL,1553400000.0,93.0,-42.48,-73.76,10.0,2.6
122,macomb,90.0,US,1553400270.0,61.0,40.46,-90.67,10.0,4.6
123,hudson bay,0.0,CA,1553400272.0,71.0,52.86,-102.4,-3.27,3.86
124,spruce grove,1.0,CA,1553400242.0,69.0,53.55,-113.9,3.89,1.5
125,hermanus,20.0,ZA,1553400038.0,98.0,-34.42,19.24,16.11,1.21
126,wanning,0.0,AT,1553400214.0,100.0,48.64,13.53,7.22,1.0
127,tasiilaq,0.0,GL,1553395800.0,40.0,65.61,-37.64,-10.0,1.5
128,ponta do sol,64.0,BR,1553400273.0,92.0,-20.63,-46.0,19.59,1.31
130,honiara,64.0,SB,1553400274.0,87.0,-9.43,159.96,26.89,1.21
131,kruisfontein,88.0,ZA,1553400274.0,83.0,-34.0,24.73,19.09,1.96
133,laguna,0.0,MX,1553399901.0,36.0,27.52,-110.01,20.59,1.51
134,eenhana,88.0,NA,1553400275.0,88.0,-17.48,16.34,18.59,1.41
135,marzuq,0.0,YE,1553400275.0,86.0,14.4,46.47,8.54,1.06
136,matay,0.0,EG,1553400275.0,58.0,28.42,30.79,14.29,4.56
137,petropavlovka,32.0,RU,1553400276.0,50.0,50.61,105.32,3.09,1.66
138,yurimaguas,36.0,PE,1553400276.0,94.0,-5.9,-76.1,24.24,0.91
140,bathsheba,75.0,BB,1553400000.0,88.0,13.22,-59.52,24.0,3.1
141,dikson,68.0,RU,1553400277.0,95.0,73.51,80.55,-7.82,10.51
142,esperance,20.0,TT,1553400087.0,83.0,10.24,-61.45,25.0,4.1
143,douentza,32.0,ML,1553400277.0,66.0,15.01,-2.95,22.29,1.16
144,ribeira grande,56.0,PT,1553400278.0,100.0,38.52,-28.7,14.39,10.81
145,ust-tsilma,88.0,RU,1553400278.0,73.0,65.44,52.15,-0.12,5.06
146,grand gaube,75.0,MU,1553400240.0,83.0,-20.01,57.66,28.0,5.1
147,ostrovnoy,0.0,RU,1553400279.0,87.0,68.05,39.51,-1.12,8.51
149,boa vista,0.0,BR,1553400000.0,51.0,2.82,-60.67,30.0,6.7
150,mikhaylovka,92.0,RU,1553400280.0,87.0,52.96,103.29,0.09,1.76
151,gwadar,56.0,PK,1553400026.0,85.0,25.12,62.33,22.79,1.66
152,union,1.0,US,1553400279.0,75.0,47.36,-123.1,12.0,0.91
153,sovetskaya,0.0,RU,1553400063.0,8.0,44.78,41.17,-2.22,2.68
155,athabasca,12.0,CA,1553400281.0,83.0,54.72,-113.29,0.29,3.61
156,broome,80.0,GB,1553399954.0,93.0,52.47,1.45,5.56,1.5
157,bassar,0.0,TG,1553396400.0,65.0,9.26,0.78,26.0,1.0
158,namibe,88.0,AO,1553400282.0,100.0,-15.19,12.15,25.59,0.61
159,bethel,90.0,US,1553399760.0,80.0,60.79,-161.76,4.0,6.2
161,mar del plata,0.0,AR,1553400283.0,100.0,-46.43,-67.52,7.74,1.41
162,provideniya,44.0,RU,1553400284.0,100.0,64.42,-173.23,-5.52,10.61
163,longyearbyen,20.0,NO,1553399400.0,67.0,78.22,15.63,-8.0,3.1
166,cochrane,12.0,CL,1553400181.0,90.0,-47.25,-72.57,2.74,1.01
167,kajaani,90.0,FI,1553399400.0,92.0,64.22,27.73,-1.0,5.7
168,dharchula,0.0,IN,1553400090.0,62.0,29.85,80.53,3.94,0.86
169,axim,8.0,GH,1553400285.0,98.0,4.87,-2.24,28.29,3.61
170,la ronge,20.0,CA,1553396400.0,62.0,55.1,-105.3,-7.0,3.6
171,mabaruma,88.0,GY,1553400286.0,88.0,8.2,-59.78,25.24,2.86
173,ferme-neuve,0.0,CA,1553400125.0,65.0,46.7,-75.45,-5.37,2.76
174,mandiana,76.0,GN,1553400286.0,54.0,10.62,-8.7,24.89,1.91
175,manyana,40.0,AU,1553400138.0,54.0,-35.26,150.51,28.0,2.6
176,cockburn town,12.0,TC,1553400015.0,96.0,21.46,-71.14,26.29,6.36
177,gillette,90.0,US,1553400091.0,81.0,44.29,-105.5,6.0,2.6
178,henties bay,24.0,NA,1553400127.0,88.0,-22.12,14.28,17.22,1.34
179,mayo,75.0,CA,1553396400.0,37.0,63.59,-135.9,13.0,2.6
180,neuquen,0.0,AR,1553400000.0,44.0,-38.95,-68.06,14.0,2.1
181,georgetown,20.0,GY,1553396400.0,94.0,6.8,-58.16,24.0,2.1
182,tandalti,20.0,SD,1553400289.0,41.0,13.01,31.87,21.19,2.51
183,sept-iles,40.0,CA,1553400002.0,68.0,50.2,-66.38,-1.67,3.1
184,klaksvik,88.0,FO,1553399400.0,86.0,62.23,-6.59,4.0,1.5
186,erenhot,0.0,CN,1553400290.0,53.0,43.65,111.97,5.24,3.91
187,ahipara,100.0,NZ,1553400290.0,73.0,-35.17,173.16,22.89,2.31
188,port hardy,20.0,CA,1553396400.0,87.0,50.7,-127.42,6.0,1.5
189,lagoa,0.0,PT,1553400018.0,58.0,37.14,-8.45,14.0,6.2
190,amahai,0.0,ID,1553400291.0,100.0,-3.31,129.0,28.64,1.41
191,ugoofaaru,0.0,MV,1553400223.0,95.0,5.67,73.0,29.79,4.36
192,vao,44.0,EE,1553400291.0,84.0,59.1,26.19,1.14,5.86
193,tezu,0.0,IN,1553400291.0,75.0,27.93,96.16,15.14,0.86
194,fomboni,8.0,KM,1553400292.0,100.0,-12.28,43.74,28.79,3.56
195,nioro,8.0,GM,1553400292.0,57.0,13.79,-15.05,22.34,2.56
196,gizo,80.0,IL,1553400268.0,87.0,31.8,34.94,16.0,3.1
197,sagarejo,90.0,GE,1553400000.0,64.0,41.73,45.33,4.0,13.4
198,kirkland lake,1.0,CA,1553396400.0,63.0,48.15,-80.03,-1.0,4.6
199,yulara,24.0,AU,1553396400.0,23.0,-25.24,130.99,36.0,3.1
200,timiryazevskiy,40.0,RU,1553398200.0,88.0,47.05,39.61,1.0,4.0
201,maniwaki,0.0,CA,1553399995.0,65.0,46.38,-75.98,-3.07,3.21
202,saint-joseph,0.0,FR,1553400088.0,61.0,43.56,6.97,16.11,2.1
203,san vicente,0.0,SV,1553400088.0,78.0,13.64,-88.78,25.0,1.0
204,kavaratti,12.0,IN,1553400295.0,100.0,10.57,72.64,28.59,4.81
205,san andres,0.0,PH,1553400296.0,99.0,13.32,122.68,27.14,6.01
206,lodwar,0.0,KE,1553400296.0,56.0,3.12,35.6,22.89,2.86
207,khandyga,0.0,RU,1553400001.0,58.0,62.65,135.58,-10.72,1.51
208,saint george,20.0,GR,1553400195.0,86.0,39.45,22.34,11.11,2.6
209,grindavik,40.0,IS,1553400098.0,100.0,63.84,-22.43,1.11,2.1
210,hilo,20.0,US,1553400263.0,64.0,19.71,-155.08,24.0,2.6
211,solna,0.0,SE,1553400184.0,59.0,59.36,18.0,3.33,5.1
212,aykhal,36.0,RU,1553400298.0,66.0,65.95,111.51,-18.92,2.51
213,vila,0.0,IT,1553400265.0,87.0,45.18,8.4,12.22,3.6
214,ixtapa,5.0,MX,1553400027.0,83.0,20.71,-105.21,23.33,0.71
215,sao geraldo do araguaia,48.0,BR,1553400299.0,92.0,-6.4,-48.55,24.24,1.21
216,marshall,40.0,US,1553400243.0,52.0,39.39,-87.69,10.0,1.5
217,yevpatoriya,44.0,UA,1553400299.0,99.0,45.19,33.37,3.79,4.56
218,juneau,75.0,US,1553399760.0,75.0,58.3,-134.42,8.0,4.6
219,presidencia roque saenz pena,0.0,AR,1553400300.0,78.0,-26.79,-60.44,18.79,1.66
220,damietta,36.0,EG,1553400300.0,96.0,31.42,31.81,13.24,4.51
221,nanortalik,80.0,GL,1553400300.0,100.0,60.14,-45.24,-4.12,10.06
222,tuktoyaktuk,75.0,CA,1553396400.0,72.0,69.44,-133.03,-9.0,9.3
223,necochea,64.0,AR,1553399790.0,87.0,-38.55,-58.74,13.89,2.24
224,bereda,0.0,ES,1553400243.0,93.0,43.27,-7.54,9.44,2.1
225,morehead,1.0,US,1553400012.0,22.0,38.18,-83.43,9.0,1.16
226,hasaki,20.0,JP,1553400193.0,23.0,35.73,140.83,12.78,9.3
227,stokmarknes,88.0,NO,1553400064.0,89.0,68.56,14.91,3.33,4.02
228,tran,0.0,BG,1553400282.0,80.0,42.84,22.65,4.44,1.0
229,phalodi,36.0,IN,1553400302.0,53.0,27.13,72.36,19.64,4.56
230,suamico,1.0,US,1553400253.0,69.0,44.63,-88.04,6.0,1.5
231,acapulco,5.0,MX,1553395680.0,83.0,16.86,-99.88,27.0,2.1
232,dingle,0.0,PH,1553400303.0,55.0,11.0,122.67,29.24,7.01
233,zhigansk,64.0,RU,1553400304.0,65.0,66.77,123.37,-10.72,4.31
234,bulaevo,68.0,KZ,1553400304.0,87.0,54.91,70.44,-4.27,1.41
235,sur,44.0,OM,1553400304.0,99.0,22.57,59.53,21.84,0.51
236,san patricio,0.0,PY,1553400304.0,83.0,-26.98,-56.83,16.59,0.96
237,chokurdakh,24.0,RU,1553400305.0,98.0,70.62,147.9,-17.97,1.96
238,ahtopol,0.0,BG,1553400040.0,92.0,42.1,27.94,2.22,2.6
239,smithers,20.0,CA,1553396400.0,74.0,54.78,-127.17,3.0,1.0
241,faanui,32.0,PF,1553400306.0,100.0,-16.48,-151.75,29.34,4.76
242,san juan,0.0,AR,1553400308.0,64.0,-31.54,-68.53,17.49,2.26
243,coahuayana,0.0,MX,1553400308.0,57.0,18.62,-100.35,17.09,0.91
244,palora,80.0,EC,1553400308.0,100.0,-1.7,-77.97,15.69,1.06
245,panguna,80.0,PG,1553400192.0,94.0,-6.32,155.48,26.14,0.91
246,inuvik,75.0,CA,1553396400.0,67.0,68.36,-133.71,-6.0,4.6
247,taluya,20.0,PH,1553396400.0,41.0,5.81,125.18,33.0,6.2
248,casablanca,40.0,MA,1553400055.0,58.0,33.6,-7.62,17.0,2.1
249,inongo,92.0,CD,1553400309.0,100.0,-1.93,18.29,20.94,1.46
250,verkhoyansk,36.0,RU,1553400310.0,71.0,67.55,133.39,-13.37,1.66
251,kautokeino,56.0,NO,1553400310.0,84.0,69.01,23.04,-0.72,3.16
253,nelson bay,0.0,AU,1553400193.0,55.0,-32.72,152.14,31.11,4.6
254,fandriana,92.0,MG,1553400311.0,98.0,-20.24,47.38,16.34,0.31
255,nong bua,0.0,TH,1553400311.0,55.0,15.87,100.58,32.34,5.21
256,beyneu,0.0,KZ,1553400311.0,83.0,45.32,55.19,0.74,1.66
257,arraial do cabo,12.0,BR,1553400311.0,92.0,-22.97,-42.02,25.49,4.36
258,furmanov,0.0,RU,1553398200.0,80.0,57.25,41.11,-1.0,3.0
259,beberibe,75.0,BR,1553398530.0,94.0,-4.18,-38.13,26.11,1.0
261,letlhakane,0.0,BW,1553400312.0,83.0,-21.42,25.59,18.14,6.16
262,vyartsilya,0.0,RU,1553400313.0,85.0,62.18,30.69,-2.72,5.26
263,mago,20.0,RU,1553400313.0,49.0,53.27,140.15,-5.22,3.01
264,half moon bay,20.0,US,1553400311.0,71.0,37.46,-122.43,13.0,5.7
265,iqaluit,90.0,CA,1553400294.0,78.0,63.75,-68.52,-13.0,11.3
266,kiunga,48.0,PG,1553400314.0,67.0,-6.12,141.3,31.14,1.31
267,russellville,90.0,US,1553400124.0,81.0,35.28,-93.13,12.22,4.1
269,bilibino,0.0,RU,1553400315.0,67.0,68.06,166.44,-9.62,1.36
270,sunrise manor,40.0,US,1553400262.0,27.0,36.21,-115.07,19.0,5.1
271,fortuna,0.0,ES,1553400305.0,81.0,38.18,-1.13,11.0,1.5
272,sorland,44.0,NO,1553400316.0,100.0,67.67,12.69,4.19,16.46
273,kieta,100.0,PG,1553400316.0,98.0,-6.22,155.63,26.99,2.11
275,aksarka,44.0,RU,1553400316.0,59.0,66.56,67.8,-11.87,3.86
276,ancud,75.0,CL,1553400000.0,93.0,-41.87,-73.83,10.0,2.6
277,sault sainte marie,1.0,CA,1553396400.0,80.0,46.49,-84.36,1.0,4.91
278,rehoboth,88.0,NA,1553400317.0,43.0,-23.31,17.08,19.39,1.21
279,wattegama,0.0,LK,1553400317.0,88.0,7.35,80.68,24.79,1.71
280,divnomorskoye,64.0,RU,1553400318.0,93.0,44.5,38.13,0.54,1.26
281,mount isa,75.0,AU,1553396400.0,62.0,-20.73,139.49,29.0,8.2
282,paamiut,44.0,GL,1553400318.0,100.0,61.99,-49.67,-6.57,4.31
283,changji,76.0,CN,1553400319.0,69.0,32.07,116.17,12.29,2.96
284,curup,56.0,ID,1553400319.0,81.0,-3.47,102.53,25.89,1.06
285,khudumelapye,0.0,BW,1553400319.0,72.0,-23.91,24.95,18.24,5.66
286,riyadh,20.0,SA,1553396400.0,77.0,24.63,46.72,18.0,1.0
287,yar-sale,24.0,RU,1553400320.0,77.0,66.83,70.83,-11.62,3.41
288,lorengau,68.0,PG,1553400320.0,97.0,-2.02,147.27,28.54,4.51
289,ayr,75.0,GB,1553400187.0,86.0,55.46,-4.63,5.56,7.2
290,dalupirip,0.0,PH,1553400321.0,57.0,16.33,120.73,28.09,1.36
291,constitucion,5.0,MX,1553395320.0,23.0,23.99,-104.67,18.0,4.6
295,nalut,48.0,LY,1553400322.0,95.0,31.86,10.98,6.64,1.66
296,dargaville,68.0,NZ,1553400322.0,60.0,-35.94,173.86,23.29,4.16
297,luderitz,48.0,NA,1553400322.0,93.0,-26.65,15.16,14.24,4.36
298,tizapan el alto,5.0,MX,1553395200.0,18.0,20.17,-103.07,22.0,2.1
299,tilichiki,0.0,RU,1553400323.0,76.0,60.47,166.1,-8.32,3.46
300,kampong thum,64.0,KH,1553400301.0,82.0,12.71,104.89,28.89,2.51
301,laem sing,20.0,TH,1553400268.0,70.0,12.48,102.07,33.89,1.5
302,jiamusi,56.0,CN,1553400323.0,78.0,46.81,130.37,0.74,5.91
303,hobyo,88.0,SO,1553400324.0,79.0,5.35,48.53,27.29,6.06
304,nome,1.0,US,1553400306.0,88.0,30.04,-94.42,18.33,2.6
305,carnarvon,8.0,ZA,1553400324.0,23.0,-30.97,22.13,17.99,2.86
306,tevaitoa,56.0,PF,1553400324.0,99.0,-16.78,-151.5,29.34,4.91
307,leningradskiy,76.0,RU,1553400325.0,83.0,69.38,178.42,-19.02,8.86
308,caborca,8.0,MX,1553400137.0,37.0,30.58,-111.1,17.78,2.68
309,zrenjanin,0.0,RS,1553400124.0,76.0,45.38,20.39,6.11,1.0
311,pacific grove,1.0,US,1553400149.0,76.0,36.62,-121.92,13.33,2.1
312,guerrero negro,0.0,MX,1553400326.0,88.0,27.97,-114.04,14.59,3.91
313,ambovombe,24.0,MG,1553400326.0,96.0,-25.18,46.09,23.64,6.06
314,komsomolskiy,76.0,RU,1553400326.0,85.0,67.55,63.78,-5.42,8.71
315,pastavy,0.0,BY,1553400327.0,85.0,55.11,26.84,3.49,6.26
316,torbay,90.0,CA,1553400208.0,93.0,47.66,-52.73,3.0,8.2
317,sikonge,0.0,TZ,1553396400.0,82.0,-5.63,32.75,19.0,1.36
318,kedgwick,80.0,CA,1553400328.0,72.0,47.65,-67.35,-0.27,5.11
319,varzea da palma,48.0,BR,1553400328.0,72.0,-17.6,-44.73,23.29,4.11
320,ilulissat,68.0,GL,1553395800.0,49.0,69.22,-51.1,-16.0,9.3
321,clyde river,90.0,CA,1553396400.0,83.0,70.47,-68.59,-26.0,9.8
322,kidal,76.0,ML,1553400329.0,16.0,18.44,1.41,19.94,1.56
324,yaan,88.0,NG,1553400329.0,89.0,7.38,8.57,24.64,5.71
325,vila franca do campo,40.0,PT,1553400294.0,87.0,37.72,-25.43,12.78,11.8
327,espinosa,88.0,BR,1553400330.0,89.0,-14.92,-42.81,19.54,3.76
331,labuhan,64.0,ID,1553400331.0,83.0,-2.54,115.51,27.94,1.36
332,siwana,0.0,IN,1553400331.0,29.0,25.65,72.42,24.89,1.06
333,martapura,40.0,ID,1553396400.0,79.0,-3.41,114.85,30.0,2.1
334,kahului,40.0,US,1553400218.0,64.0,20.89,-156.47,25.0,6.2
335,statesville,1.0,US,1553400317.0,42.0,35.78,-80.89,8.33,1.5
336,flin flon,0.0,CA,1553400332.0,53.0,54.77,-101.88,-9.27,3.86
337,benemerito de las americas,32.0,MX,1553400332.0,72.0,16.52,-90.64,22.59,1.31
339,lubango,36.0,AO,1553400333.0,93.0,-14.92,13.49,17.79,1.01
340,biltine,0.0,TD,1553400333.0,48.0,14.53,20.93,20.29,2.06
341,novyy urengoy,80.0,RU,1553400334.0,91.0,66.08,76.63,-5.47,2.71
342,alice springs,64.0,AU,1553396400.0,34.0,-23.7,133.88,34.0,7.2
343,warmbad,92.0,DE,1553400316.0,93.0,50.67,13.08,8.33,0.5
345,seguin,90.0,US,1553400319.0,82.0,29.57,-97.96,20.56,7.2
346,bang pakong,20.0,TH,1553400173.0,62.0,13.54,100.99,34.44,5.1
347,sitka,0.0,US,1553400091.0,78.0,37.17,-99.65,8.33,3.58
348,amapa,20.0,HN,1553400000.0,83.0,15.09,-87.97,21.0,2.1
349,okoneshnikovo,68.0,RU,1553400336.0,80.0,54.84,75.08,-5.52,1.41
350,cherskiy,12.0,RU,1553400336.0,66.0,68.75,161.3,-12.12,1.06
351,taiyuan,0.0,CN,1553396400.0,17.0,37.86,112.56,11.0,2.0
352,berlevag,12.0,NO,1553400336.0,100.0,70.86,29.09,-3.92,3.91
353,yerbogachen,48.0,RU,1553400337.0,46.0,61.28,108.01,-12.42,2.86
357,mercedes,0.0,UY,1553400338.0,87.0,-33.25,-58.03,15.89,3.91
358,atasu,44.0,KZ,1553400338.0,97.0,48.68,71.64,-1.77,2.16
359,inverness,32.0,GB,1553400306.0,75.0,57.48,-4.23,5.0,6.7
360,senneterre,1.0,CA,1553396400.0,54.0,48.39,-77.24,-2.0,4.6
361,sistranda,75.0,NO,1553400312.0,86.0,63.73,8.83,3.89,9.8
362,pryazha,36.0,RU,1553396400.0,94.0,61.69,33.62,2.0,4.0
363,bambous virieux,75.0,MU,1553400240.0,83.0,-20.34,57.76,28.0,5.1
364,conde,88.0,BR,1553400340.0,100.0,-11.81,-37.61,25.79,2.36
365,labytnangi,48.0,RU,1553400340.0,61.0,66.66,66.39,-12.27,2.76
366,menongue,48.0,AO,1553400340.0,60.0,-14.66,17.68,19.99,1.11
367,geraldton,75.0,CA,1553396400.0,64.0,49.72,-86.95,2.0,8.2
368,tazovskiy,68.0,RU,1553400155.0,100.0,67.47,78.7,-7.77,2.71
369,sines,0.0,PT,1553400076.0,65.0,37.96,-8.87,13.33,4.02
370,chernyshevskiy,48.0,RU,1553400341.0,61.0,63.01,112.47,-12.77,2.86
371,mount gambier,40.0,AU,1553397600.0,53.0,-37.83,140.78,25.0,8.2
372,prince george,1.0,CA,1553400041.0,80.0,53.92,-122.75,1.67,1.06
373,ouango,12.0,CD,1553400342.0,89.0,4.31,22.55,23.39,2.11
374,victoria point,20.0,AU,1553400322.0,62.0,-27.58,153.3,37.22,4.6
375,chitral,32.0,PK,1553400343.0,88.0,35.85,71.79,-8.17,0.36
376,uray,0.0,RU,1553400343.0,76.0,60.13,64.8,-7.77,1.16
377,bulqize,0.0,AL,1553397600.0,86.0,41.49,20.22,5.0,1.5
378,hovd,75.0,NO,1553400312.0,69.0,63.83,10.7,3.89,9.3
380,bongaree,20.0,AU,1553400306.0,62.0,-27.08,153.16,37.22,4.6
381,santa cruz,90.0,US,1553400190.0,76.0,36.97,-122.03,13.33,2.1
382,chilliwack,20.0,CA,1553400345.0,66.0,49.17,-121.95,11.11,2.1
383,oda,75.0,JP,1553396400.0,61.0,35.19,132.5,9.0,1.5
385,borovoy,76.0,RU,1553400347.0,87.0,63.23,52.89,-0.77,6.01
386,nizamabad,0.0,IN,1553400347.0,54.0,18.67,78.1,28.34,0.76
387,selikhino,0.0,RU,1553400347.0,75.0,50.37,137.51,-7.07,2.41
388,reconquista,0.0,AR,1553400347.0,84.0,-29.14,-59.64,15.79,1.26
391,rychvald,90.0,CZ,1553400333.0,81.0,49.87,18.38,8.0,3.6
392,port lincoln,80.0,AU,1553400348.0,86.0,-34.72,135.86,20.44,10.01
393,dunedin,8.0,NZ,1553400326.0,89.0,-45.87,170.5,17.22,3.58
394,kandrian,88.0,PG,1553400349.0,92.0,-6.21,149.55,26.29,1.66
395,bubaque,32.0,GW,1553400349.0,100.0,11.28,-15.83,24.64,6.31
396,bilma,44.0,NE,1553400349.0,12.0,18.69,12.92,21.59,5.71
397,svobodnyy,88.0,RU,1553400112.0,89.0,53.85,40.53,-3.89,1.36
399,bridlington,64.0,GB,1553400315.0,80.0,54.08,-0.19,5.56,2.6
400,teguldet,68.0,RU,1553400350.0,84.0,57.31,88.17,-1.52,1.51
402,kihei,40.0,US,1553400218.0,64.0,20.76,-156.45,25.0,6.2
403,killybegs,92.0,IE,1553400351.0,88.0,54.63,-8.45,7.49,8.16
404,coquimbo,20.0,CL,1553400000.0,87.0,-29.95,-71.34,13.0,1.5
405,dayong,12.0,PH,1553400352.0,97.0,11.74,122.04,26.79,9.56
406,porbandar,0.0,IN,1553398200.0,54.0,21.64,69.61,27.0,6.2
407,huilong,92.0,CN,1553400352.0,96.0,28.89,110.18,6.39,1.41
409,narasannapeta,0.0,IN,1553400353.0,67.0,18.42,84.04,28.34,1.81
410,abu dhabi,56.0,AE,1553396400.0,57.0,24.47,54.37,26.0,5.1
411,kaeo,32.0,NZ,1553400186.0,77.0,-35.1,173.78,21.11,3.58
412,san policarpo,76.0,PH,1553400354.0,82.0,12.18,125.51,27.54,6.01
413,omsukchan,8.0,RU,1553400354.0,82.0,62.53,155.8,-8.62,1.66
414,mujiayingzi,0.0,CN,1553400354.0,68.0,42.12,118.78,6.39,5.46
416,whitehorse,40.0,CA,1553400296.0,56.0,60.72,-135.06,6.0,4.6
417,port macquarie,20.0,AU,1553400004.0,34.0,-31.43,152.91,37.78,4.6
418,birin,88.0,SY,1553400355.0,82.0,35.01,36.67,4.54,1.66
419,pisco,0.0,PE,1553400000.0,83.0,-13.71,-76.2,21.0,2.6
420,dubravica,0.0,HR,1553400000.0,65.0,43.02,17.65,8.0,1.5
421,lompoc,1.0,US,1553400338.0,87.0,34.64,-120.46,12.22,6.46
422,naraini,0.0,IN,1553396400.0,43.0,25.19,80.47,23.0,2.06
423,les escoumins,0.0,CA,1553400357.0,55.0,48.35,-69.4,-3.27,4.46
424,sabile,0.0,LV,1553400357.0,77.0,57.05,22.57,2.14,7.41
425,gezing,0.0,AT,1553400357.0,82.0,47.92,13.13,7.22,3.6
426,ta khmau,40.0,KH,1553398200.0,62.0,11.48,104.95,32.0,5.1
427,malanje,88.0,AO,1553400358.0,98.0,-9.54,16.35,20.89,2.06
428,ewa beach,1.0,US,1553400126.0,50.0,21.32,-158.01,26.67,3.6
429,naica,0.0,MX,1553400358.0,32.0,27.86,-105.49,16.74,3.46
430,angoche,36.0,MZ,1553400359.0,100.0,-16.23,39.91,27.29,4.91
431,ogaminana,48.0,NG,1553400359.0,74.0,7.6,6.2,24.74,4.56
432,hualmay,20.0,PE,1553400359.0,89.0,-11.1,-77.61,19.54,2.06
433,belen,0.0,TR,1553395800.0,87.0,36.49,36.19,11.11,3.1
434,goderich,0.0,CA,1553400171.0,71.0,43.74,-81.71,1.67,2.68
435,tambun,75.0,MY,1553396400.0,70.0,4.62,101.14,32.0,2.1
436,puerto ayacucho,8.0,CO,1553400361.0,87.0,5.66,-67.63,25.39,1.66
437,george town,75.0,MY,1553398200.0,70.0,5.42,100.33,32.0,1.5
438,maba,92.0,CN,1553400361.0,100.0,24.68,113.59,10.99,1.41
439,schruns,0.0,AT,1553400268.0,83.0,47.08,9.92,5.56,0.5
440,sombrerete,0.0,MX,1553400362.0,36.0,23.63,-103.64,8.69,1.96
441,iberia,32.0,PE,1553400362.0,92.0,-11.41,-69.49,23.74,0.66
442,rocha,0.0,UY,1553400116.0,71.0,-34.48,-54.34,16.29,3.66
443,saint-francois,0.0,FR,1553400026.0,77.0,46.42,3.91,1.0,1.16
444,yumen,0.0,CN,1553400363.0,43.0,40.29,97.04,5.49,0.26
446,topolobampo,5.0,MX,1553400316.0,63.0,25.6,-109.05,19.0,3.1
447,isla mujeres,20.0,MX,1553400313.0,68.0,21.23,-86.73,21.0,2.1
448,fremont,5.0,US,1553400363.0,76.0,37.55,-121.99,13.0,3.1
449,soe,76.0,EE,1553400239.0,80.0,57.91,26.05,2.0,6.7
450,bharatpur,0.0,NP,1553400259.0,25.0,27.68,84.43,24.29,1.46
451,leh,64.0,IN,1553400365.0,85.0,34.16,77.58,-16.47,0.71
452,nouakchott,0.0,MR,1553398200.0,93.0,18.08,-15.98,17.0,4.1
453,mezen,88.0,RU,1553400365.0,81.0,65.85,44.24,0.39,4.16
455,byron bay,0.0,AU,1553400198.0,62.0,-28.65,153.62,35.56,5.7
456,alofi,64.0,NU,1553396400.0,61.0,-19.06,-169.92,28.0,5.1
459,isangel,90.0,VU,1553396400.0,70.0,-19.55,169.27,30.0,3.1
460,murgab,0.0,TM,1553396400.0,87.0,37.5,61.97,6.0,3.1
461,mandalgovi,0.0,MN,1553400367.0,65.0,45.76,106.27,1.74,4.81
462,iaciara,80.0,BR,1553400368.0,93.0,-14.1,-46.63,22.19,1.36
463,faranah,92.0,GN,1553400368.0,75.0,10.04,-10.74,23.59,0.91
464,tual,0.0,ID,1553400368.0,100.0,-5.67,132.75,27.99,4.06
466,hirna,0.0,ET,1553400369.0,61.0,9.22,41.1,10.79,1.61
467,saint-augustin,0.0,FR,1553400369.0,87.0,44.83,-0.61,8.33,1.0
468,poum,0.0,MK,1553400369.0,80.0,41.28,20.71,-2.22,0.76
469,markivka,88.0,UA,1553400370.0,93.0,49.52,39.57,-0.72,4.16
470,akureyri,0.0,IS,1553396400.0,86.0,65.68,-18.09,-1.0,2.11
471,tikrit,88.0,IQ,1553400370.0,92.0,34.62,43.68,10.54,4.81
472,koulikoro,0.0,ML,1553398200.0,45.0,12.86,-7.56,28.0,2.96
473,bogorodskoye,0.0,RU,1553400371.0,48.0,52.37,140.44,-4.97,2.96
474,cayenne,100.0,GF,1553400000.0,83.0,4.94,-52.33,26.0,2.6
476,solnechnyy,0.0,RU,1553400371.0,59.0,50.72,136.64,-4.02,1.56
477,mitsamiouli,20.0,KM,1553396400.0,88.0,-11.38,43.28,25.0,2.6
478,havre-saint-pierre,90.0,CA,1553396400.0,73.0,50.23,-63.6,-3.0,4.6
479,xilitla,88.0,MX,1553400372.0,79.0,21.39,-98.99,21.39,1.61
480,apan,32.0,MX,1553400373.0,78.0,19.71,-98.45,8.49,1.41
481,ozernovskiy,88.0,RU,1553400373.0,96.0,51.5,156.52,-0.42,1.76
482,vanimo,20.0,PG,1553400373.0,100.0,-2.67,141.3,28.39,3.56
483,bay saint louis,1.0,US,1553400314.0,93.0,30.31,-89.33,13.0,1.5
484,suntar,68.0,RU,1553400374.0,61.0,62.16,117.65,-8.92,3.56
485,coolum beach,0.0,AU,1553400324.0,55.0,-26.53,153.09,35.56,2.16
486,duliagaon,20.0,IN,1553396400.0,60.0,27.37,95.32,23.0,2.6
487,razdolinsk,88.0,RU,1553400374.0,81.0,58.42,94.62,-2.12,1.21
488,brigham city,40.0,US,1553400371.0,70.0,41.51,-112.02,9.0,1.5
489,nishihara,0.0,JP,1553400317.0,27.0,35.74,139.53,13.89,3.6
490,honningsvag,64.0,NO,1553400334.0,94.0,70.98,25.97,-1.72,3.41
493,bintulu,75.0,MY,1553396400.0,70.0,3.17,113.03,31.0,1.5
494,magadan,32.0,RU,1553400376.0,96.0,59.56,150.8,-2.42,8.31
495,kostyantynivka,88.0,UA,1553400376.0,86.0,48.53,37.71,-0.02,4.21
496,tautira,20.0,PF,1553399713.0,70.0,-17.73,-149.15,30.0,4.1
498,sechura,44.0,PE,1553400377.0,77.0,-5.56,-80.82,24.19,4.56
499,sturgis,90.0,US,1553400359.0,100.0,44.41,-103.51,6.67,2.1
500,eyl,76.0,SO,1553400378.0,95.0,7.98,49.82,26.24,4.76
501,belyy yar,0.0,RU,1553398200.0,29.0,53.6,91.39,4.0,3.0
503,birao,0.0,CF,1553400378.0,50.0,10.3,22.78,20.14,1.61
504,xining,24.0,CN,1553400379.0,38.0,36.62,101.77,2.14,0.91
505,trinidad,0.0,UY,1553400379.0,74.0,-33.52,-56.9,14.44,3.86
506,kloulklubed,75.0,PW,1553395800.0,58.0,7.04,134.26,30.0,4.6
507,olinda,75.0,EC,1553400281.0,78.0,-2.03,-79.75,27.0,3.1
508,hirara,75.0,JP,1553396400.0,63.0,24.8,125.28,20.0,5.1
509,panino,90.0,RU,1553398200.0,95.0,51.65,40.13,0.0,3.0
510,springville,90.0,US,1553400331.0,66.0,40.17,-111.61,9.44,4.6
511,sisimiut,68.0,GL,1553400381.0,75.0,66.94,-53.67,-24.67,0.71
512,banda aceh,20.0,ID,1553400381.0,69.0,5.56,95.32,29.59,1.31
514,great falls,75.0,US,1553400094.0,52.0,47.5,-111.29,8.0,2.1
515,gamba,0.0,CN,1553400382.0,79.0,28.28,88.52,-11.32,1.21
516,pita,92.0,GN,1553400382.0,65.0,11.06,-12.4,22.94,1.11
517,san quintin,12.0,PH,1553400383.0,43.0,17.54,120.52,29.19,1.71
518,sinnamary,100.0,GF,1553400383.0,99.0,5.38,-52.96,25.99,5.16
519,manaure,8.0,CO,1553400383.0,90.0,11.78,-72.45,25.84,9.16
521,kingsville,1.0,US,1553400372.0,38.0,39.45,-76.42,7.22,2.1
522,znamenka,88.0,RU,1553400384.0,94.0,52.41,41.44,-1.22,2.06
524,matadi,68.0,CD,1553400384.0,100.0,-5.83,13.46,22.39,1.81
525,artyom,88.0,RU,1553398200.0,41.0,43.36,132.19,5.0,7.0
526,faya,0.0,SA,1553396400.0,58.0,18.39,42.45,13.0,2.1
527,asuncion nochixtlan,32.0,MX,1553400385.0,83.0,17.47,-97.23,12.49,0.86
528,shanhetun,76.0,CN,1553400386.0,89.0,44.7,127.2,1.89,7.01
529,talnakh,76.0,RU,1553400386.0,83.0,69.49,88.39,-12.82,3.21
530,lokachi,44.0,UA,1553397038.0,73.0,50.74,24.65,1.11,4.51
531,blythe,0.0,US,1553400103.0,19.0,33.61,-114.59,21.11,0.89
533,boyolangu,24.0,ID,1553400387.0,91.0,-8.09,111.9,27.04,1.81
534,parabel,24.0,RU,1553400387.0,84.0,58.71,81.5,-4.37,1.11
535,alenquer,40.0,BR,1553396400.0,94.0,-1.95,-54.74,26.0,1.0
536,danielskuil,36.0,ZA,1553400388.0,48.0,-28.19,23.54,20.49,6.06
537,matagami,44.0,NG,1553400388.0,81.0,9.67,8.4,20.09,1.56
538,santa clarita,75.0,US,1553400362.0,87.0,34.39,-118.54,15.0,2.1
539,luchegorsk,32.0,RU,1553400389.0,47.0,46.44,134.3,-0.72,2.61
540,tateyama,75.0,JP,1553400386.0,89.0,36.66,137.31,10.0,1.5
541,yenagoa,44.0,NG,1553400389.0,93.0,4.92,6.26,24.44,2.66
543,bagdarin,64.0,RU,1553400390.0,27.0,54.44,113.59,-7.42,4.76
544,kaoma,8.0,ZM,1553400390.0,63.0,-14.8,24.8,19.79,4.56
545,prince rupert,1.0,CA,1553396400.0,66.0,54.32,-130.32,9.0,3.1
546,roth,1.0,DE,1553400280.0,93.0,49.25,11.09,6.67,2.1
547,sicamous,1.0,CA,1553400039.0,86.0,50.84,-118.99,3.0,1.0
548,brae,92.0,GB,1553399400.0,86.0,60.4,-1.35,6.0,12.9
549,ilhabela,0.0,BR,1553400392.0,100.0,-23.78,-45.36,25.64,5.41
550,xuddur,0.0,SO,1553400392.0,79.0,4.12,43.89,21.24,4.91
551,rawson,0.0,AR,1553400392.0,67.0,-43.3,-65.11,13.04,7.06
552,buchach,0.0,UA,1553400387.0,85.0,49.06,25.39,1.11,1.31
553,cotacachi,90.0,EC,1553400000.0,93.0,0.3,-78.27,14.0,2.1
554,meylan,0.0,FR,1553400306.0,80.0,45.21,5.78,8.89,3.1
555,santana do mundau,0.0,BR,1553400000.0,88.0,-9.17,-36.22,25.0,1.5
556,esmeraldas,0.0,BR,1553400000.0,88.0,-19.76,-44.31,21.0,2.6
558,toppenish,90.0,US,1553400362.0,71.0,46.38,-120.31,13.89,1.01
560,indramayu,24.0,ID,1553400394.0,88.0,-4.05,103.78,25.24,1.16
561,mason city,90.0,US,1553400305.0,70.0,43.15,-93.2,7.0,2.6
562,praia da vitoria,40.0,PT,1553400019.0,76.0,38.73,-27.07,13.0,12.31
564,fethiye,0.0,TR,1553400289.0,24.0,36.62,29.12,13.0,10.8
565,camacha,20.0,PT,1553398200.0,67.0,33.08,-16.33,16.0,4.1
566,la maddalena,0.0,IT,1553400001.0,87.0,39.15,9.02,12.0,3.6
567,bonthe,44.0,SL,1553400396.0,85.0,7.53,-12.5,25.99,1.21
568,pinega,92.0,RU,1553400397.0,82.0,64.7,43.39,0.49,3.96
569,sangar,36.0,RU,1553400397.0,60.0,63.92,127.47,-9.87,1.36
570,alyangula,24.0,AU,1553396400.0,66.0,-13.85,136.42,32.0,5.7
571,buin,0.0,CL,1553400374.0,45.0,-33.73,-70.74,25.0,2.1
572,hanna,68.0,CA,1553400243.0,87.0,51.64,-111.93,2.22,3.13
573,aklavik,75.0,CA,1553396400.0,67.0,68.22,-135.01,-6.0,4.6
575,kenora,1.0,CA,1553400294.0,74.0,49.76,-94.48,4.0,4.1
576,buraydah,0.0,SA,1553396400.0,62.0,26.33,43.97,14.0,1.5
577,carballo,0.0,ES,1553400350.0,93.0,43.21,-8.69,13.89,2.1
578,yomou,56.0,GN,1553400399.0,94.0,7.57,-9.26,20.99,1.31
579,cuamba,48.0,MZ,1553400400.0,94.0,-14.8,36.54,20.09,1.91
580,richards bay,8.0,ZA,1553400400.0,95.0,-28.77,32.06,20.89,4.36
581,gevrai,0.0,IN,1553400400.0,36.0,19.27,75.75,25.99,2.16
582,vila do maio,75.0,CV,1553396400.0,60.0,15.13,-23.22,21.0,4.1
583,vaitape,56.0,PF,1553400401.0,100.0,-16.52,-151.75,29.24,4.01
584,charlestown,1.0,US,1553400129.0,43.0,41.38,-71.64,2.22,4.6
586,rutana,92.0,BI,1553400401.0,97.0,-3.93,29.99,14.64,0.71
587,katobu,24.0,ID,1553400402.0,82.0,-4.94,122.53,30.79,1.91
588,bisira,0.0,PA,1553400402.0,79.0,8.52,-81.71,20.74,2.06
589,dawlatabad,20.0,AF,1553400402.0,86.0,36.41,64.91,6.44,3.66
590,bansbaria,0.0,IN,1553400000.0,35.0,22.97,88.4,29.0,3.1
591,viedma,92.0,AR,1553400141.0,76.0,-40.81,-62.99,15.49,11.51
592,gallup,1.0,US,1553395980.0,44.0,35.53,-108.74,6.0,2.06
593,balingasay,12.0,PH,1553400403.0,80.0,16.36,119.86,28.79,3.91
594,muroto,20.0,JP,1553396400.0,40.0,33.37,134.14,12.0,2.6
595,seoul,1.0,KR,1553399400.0,29.0,37.57,126.98,9.0,4.1
596,shebekino,75.0,RU,1553400000.0,80.0,50.41,36.89,1.0,4.0
597,stephenville,1.0,US,1553400195.0,82.0,32.22,-98.2,18.89,3.1
598,kawalu,24.0,ID,1553400405.0,76.0,-7.38,108.21,26.19,1.06
599,maralal,0.0,KE,1553400405.0,79.0,1.1,36.7,12.09,1.66
601,nautla,0.0,MX,1553400405.0,95.0,20.22,-96.78,24.29,8.81
603,coruripe,32.0,BR,1553400406.0,100.0,-10.12,-36.18,27.44,5.56
604,opuwo,36.0,NA,1553400406.0,84.0,-18.06,13.84,16.79,0.31
605,hadejia,64.0,NG,1553400406.0,29.0,12.45,10.04,22.64,3.26
607,bonoua,40.0,CI,1553398200.0,88.0,5.27,-3.6,28.0,3.1
608,nueva concepcion,0.0,GT,1553400408.0,85.0,14.2,-91.3,19.74,1.01
609,olga,20.0,US,1553400404.0,82.0,34.11,-118.17,16.0,1.01
610,cobija,56.0,BR,1553400408.0,95.0,-11.02,-68.77,23.24,0.86
611,naze,80.0,NG,1553400408.0,93.0,5.43,7.07,23.39,1.21
612,broken hill,40.0,AU,1553396400.0,78.0,-31.97,141.45,22.0,6.7
613,laja,0.0,CL,1553400000.0,81.0,-37.28,-72.71,12.0,2.6
614,touros,40.0,BR,1553400000.0,100.0,-5.2,-35.46,25.0,3.6
615,espanola,0.0,CA,1553400241.0,70.0,46.27,-81.77,0.56,6.26
616,blagoyevo,92.0,RU,1553400410.0,79.0,63.37,47.92,-0.72,4.76
617,villarrobledo,0.0,ES,1553400010.0,83.0,39.27,-2.6,5.56,3.13
618,lisala,68.0,CD,1553400410.0,92.0,2.15,21.52,23.94,2.01
619,palana,8.0,RU,1553400411.0,48.0,59.08,159.95,-1.62,1.96
620,guadalajara,0.0,ES,1553400276.0,75.0,40.63,-3.16,11.67,1.5
621,marabba,20.0,SD,1553400411.0,31.0,12.35,32.18,22.29,3.31
622,kirakira,56.0,SB,1553400411.0,100.0,-10.46,161.92,28.84,4.31
623,vrangel,12.0,RU,1553400412.0,100.0,42.73,133.08,0.99,7.36
